keyword_phrase,demand,supply,profitability,pcdm,cpc,keyworth
a primer on sap implementation,56,16,3500,0,0,0
abap objects,334,150,2227,0,0.61,610
abap sap,60,75,800,0,0,0
about sap,185,426,434,0,0,0
accounting software,89267,79161,1128,6000,12.18,1063904
accounts software,976,2799,349,30,5.1,9740
acronym sap stand for,481,11,43727,0,0,0
an introduction to sap,37,3,12333,0,0,0
apo,9169,22602,406,60,0.96,3017
apo sap,50,21,2381,0,0,0
architecture sap,36,16,2250,0,0,0
basic sap,40,18,2222,0,0,0
basis,16391,554189,30,0,1.31,78
basis administration,68,602,113,0,0,0
basis sap,41,30,1367,0,0,0
basis training,25,92,272,0,0,0
book sap,46,9,5111,0,0,0
bsp,4456,12411,359,750,1.35,13274
business analyst,8373,10735,780,2670,2.5,100757
business consulting one sap,131,5,26200,0,0,0
business intelligence,30302,71356,425,5760,5.3,170816
business intelligence sap,42,92,457,0,0,0
business intelligence solution,4702,2029,2317,0,3.52,2291
business management sap software,35,2,17500,0,0,0
business objects,7992,17966,445,270,3.67,26826
business one,160,5296,30,300,2.35,1230
business sap,35,36,972,0,0,0
business software,45021,76214,591,1590,9.56,225184
business solutions,13704,157127,87,6480,4.02,28223
businessobjects,285,2238,127,240,1.78,3512
bw,11755,50503,233,150,3.38,9635
bw sap,49,41,1195,0,0,0
certification online sap,34,2,17000,0,0,0
certification sap,126,53,2377,0,1.5,1830
configuration sap,43,18,2389,0,0,0
consultant sap,94,288,326,0,1.81,860
consultants sap,39,76,513,0,0,0
crm,63349,256959,247,27780,7.45,306125
crm sap,517,263,1966,0,1.44,1256
crm software sap,56,70,800,0,0,0
crm training,2716,1718,1581,120,3.19,55244
crystal reports,13160,16373,804,5280,2.3,134330
customer management relationship sap,80,17,4706,0,0,0
dashboard,24508,53562,458,7740,2.63,105871
define sap,335,7,47857,0,0,0
definition of sap,242,18,13444,0,0,0
definition sap,47,17,2765,0,0,0
developer network sap,112,63,1778,0,0,0
developer sap,135,241,560,0,0,0
developing sap,51,24,2125,0,0,0
directory sap,36,13,2769,0,0,0
does sap stand,46,26,1769,0,0,0
download sap,99,56,1768,0,1.45,1589
downloads sap,34,17,2000,0,0,0
ebook for sap,378,126,3000,0,0,0
erp and sap,53,105,505,0,0,0
erp implementation primer sap why,79,39,2026,0,0,0
erp sap,657,776,847,30,2.66,12335
erp sap free software,37,5,7400,0,0,0
erp sap software,107,40,2675,0,0,0
expert sap,120,55,2182,0,0,0
faq in sap,154,34,4529,0,0,0
faq in sap bw,78,32,2438,0,0,0
fico sap,282,21,13429,0,0,0
find sap,46,37,1243,0,0,0
forum sap,123,113,1089,0,0,0
free online sap training,56,10,5600,0,0,0
free sap,71,1107,64,0,0,0
free sap training,256,22,11636,30,2.6,115998
free sap training online,62,8,7750,0,0,0
freelance sap,35,28,1250,0,0,0
functional sap,46,25,1840,0,0,0
help sap,66,169,391,0,0,0
history of sap,407,32,12719,0,0,0
home sap training,35,12,2917,0,0,0
hr sap,66,47,1404,0,1.49,1559
implement sap,35,73,479,0,0,0
implementation sap,44,57,772,0,0,0
implementing sap,64,235,272,0,0,0
indian recipes,20541,10321,1990,810,0.68,38517
info on sap,40,9,4444,0,0,0
information systems,26698,105599,253,1650,2.25,23107
interface to sap,40,20,2000,0,0,0
introduction sap,203,8,25375,0,0,0
introduction to sap,169,26,6500,0,0,0
ipx sap,40,23,1739,0,0,0
isu,11623,11259,1032,0,1,372
java sap,70,77,909,0,0,0
jco,435,613,710,0,0,0
jms,12407,10844,1144,2430,5.45,307381
kronos to sap interface,39,5,7800,0,0,0
le sap,48,126,381,0,0,0
learn,84089,3207850,26,30,4.54,652
learn sap,549,120,4575,120,1.83,91713
list of sap,48,24,2000,0,0,0
maintenance management,6332,12981,488,240,4.95,37406
manage sap,50,27,1852,0,0,0
management sap,35,365,96,0,0,0
mdm,5146,7142,721,900,3.61,78033
mini sap,91,48,1896,0,0,0
mm sap,53,24,2208,0,0,0
mobile solutions,5613,10741,523,240,1.88,15220
mrp,8164,17145,476,2130,5.16,113398
multi media,3164,21781,145,0,0,0
my sap,45,153,294,0,0,0
netweaver,661,3267,202,0,0,0
netweaver sap,58,56,1036,0,0,0
news sap,90,128,703,0,0,0
niit,2469,1761,1402,0,0,0
online sap,59,112,527,0,0,0
online sap training,559,87,6425,30,4.6,161887
outsourcing sap,35,46,761,0,0,0
partners sap,70,167,419,0,0,0
payroll,47127,226400,208,40470,4.12,172527
planning and scheduling,794,2272,349,90,5.94,19693
plant maintenance,1401,5342,262,150,2.14,6874
plm,5861,13694,428,1740,2.59,46240
pm sap,40,17,2353,0,0,0
pp,26352,119060,221,570,1.78,9406
programming sap,76,234,325,0,0,0
programming with the sap web,115,75,1533,0,0,0
project manager,10004,59612,168,2580,2.68,22845
projet sap,39,26,1500,0,0,0
ps,29949,209379,143,0,2.38,281
qm,1129,14657,77,30,3.77,1591
qm sap,34,8,4250,0,0,0
r3,1696,15828,107,30,1,587
sap,55825,125102,446,14070,2.13,112743
sap 4.7,37,35,1057,0,0,0
sap abap,900,795,1132,0,1.14,687
sap accounting,493,139,3547,60,11.95,328304
sap accounting software,2417,105,23019,0,23.01,52854
sap accounting system,221,20,11050,0,1.33,2225
sap adapter,58,59,983,0,0,0
sap administration,37,23,1609,0,1.15,1421
sap administrator,39,14,2786,0,2.42,3900
sap advanced,41,37,1108,0,0,0
sap ag,1729,1438,1202,60,0.73,6799
sap ale,41,38,1079,0,0,0
sap analyst,141,35,4029,0,0,0
sap and business objects,45,6,7500,0,0,0
sap and erp,72,117,615,0,0,0
sap apo,501,238,2105,30,1.44,16603
sap application,178,318,560,30,2.19,6714
sap application portfolio management,81,8,10125,0,0,0
sap applications,306,428,715,0,0,0
sap articles,106,56,1893,0,0,0
sap audit,461,62,7435,30,1.66,67605
sap auditing,39,95,411,0,3.71,2295
sap bapi,144,24,6000,0,0,0
sap basics,55,12,4583,0,0,0
sap basis,1484,1016,1461,330,2.46,65273
sap basis admin,42,13,3231,0,2.13,3651
sap basis administrator,51,85,600,30,1.82,5981
sap basis administrators,35,5,7000,0,0,0
sap basis certification,42,32,1313,0,2.85,3113
sap basis components,41,32,1281,0,0,0
sap bc,158,121,1306,0,0,0
sap bdc,41,11,3727,0,0,0
sap best practices,301,96,3135,0,0,0
sap bi,250,384,651,210,6.53,61607
sap blog,56,92,609,0,0,0
sap bo,166,26,6385,30,4.34,121416
sap book,43,17,2529,30,1.33,18426
sap books,1144,570,2007,30,3.62,39794
sap bpc,37,5,7400,330,1.49,160238
sap business analyst,51,28,1821,30,1.68,16760
sap business intelligence,458,323,1418,60,5.19,57004
sap business objects best practice,37,5,7400,0,0,0
sap business one,3116,3219,968,210,4.77,66912
sap business one building materials,47,6,7833,0,0,0
sap business one customization,41,18,2278,0,0,0
sap business one integration,35,13,2692,0,0,0
sap business one solution provider,68,68,1000,0,0,0
sap business software,56,544,103,0,0,0
sap business warehouse,138,165,836,30,2.32,10628
sap bw,1302,1211,1075,120,1.21,14251
sap bw certification,208,172,1209,0,1.62,1294
sap calculator,60,251,239,0,0,0
sap career,67,98,684,30,1.33,4980
sap careers,363,160,2269,120,1.48,36782
sap case study,56,222,252,0,2.03,926
sap certificate,189,98,1929,0,1.85,1897
sap certification,2124,355,5983,270,2.73,268393
sap certification exam,46,19,2421,0,0,0
sap certification test,157,7,22429,0,0,0
sap certification training,44,26,1692,0,25.03,30803
sap change management,403,44,9159,0,2.27,4460
sap co,117,226,518,0,0,0
sap community,70,82,854,0,0,0
sap company,34,39,872,0,0,0
sap computer,163,32,5094,0,0,0
sap configuration,201,111,1811,0,0,0
sap consultancy,119,214,556,0,7.06,4205
sap consultant,993,790,1257,120,2.69,37040
sap consultants,367,462,794,60,4.75,29228
sap consulting,1248,1426,875,60,6.16,41759
sap consulting companies,56,24,2333,0,0,0
sap controlling,39,32,1219,0,0,0
sap course,36,41,878,60,1.93,13127
sap credit management,45,4,11250,0,0,0
sap crm,1937,1184,1636,420,2.25,75437
sap crm erp,90,26,3462,0,0,0
sap crm software,95,84,1131,0,0,0
sap crm training,38,23,1652,30,3.12,28234
sap customer,178,263,677,0,0,0
sap customer relationship management,103,58,1776,0,5.78,6306
sap database,165,87,1897,30,1.13,11738
sap dba,55,62,887,0,0,0
sap dbms,39,3,13000,0,0,0
sap definition,760,91,8352,90,0.45,35654
sap delivery,42,21,2000,0,0,0
sap deployments,39,12,3250,0,0,0
sap description,40,19,2105,0,0,0
sap developer,375,144,2604,0,0.86,912
sap developer network,63,112,563,0,0,0
sap development,134,238,563,0,2.28,1339
sap development consulting,60,11,5455,0,0,0
sap directory,47,24,1958,0,0,0
sap document,63,205,307,0,0,0
sap document management,207,121,1711,0,0,0
sap documentation,37,116,319,30,1,1747
sap documents,40,18,2222,0,0,0
sap downloads,39,12,3250,0,0,0
sap duet,36,19,1895,0,1.44,1940
sap ecommerce,41,27,1519,0,0,0
sap edi,55,103,534,60,5.47,22625
sap education,179,228,785,30,1.08,4644
sap education benefits,45,4,11250,0,0,0
sap erp,1937,849,2282,330,3.27,135527
sap erp crm,50,23,2174,0,0,0
sap erp integration,43,19,2263,0,0,0
sap erp software,295,35,8429,0,2.47,4909
sap erp system,764,39,19590,0,1.63,2941
sap erp systems,293,26,11269,0,0,0
sap erp training,34,11,3091,0,1.76,3058
sap experience,335,123,2724,180,1.25,45676
sap faq,309,24,12875,0,0,0
sap fi,175,320,547,150,1.19,7970
sap fi co,38,30,1267,0,0,0
sap fi questions,35,4,8750,0,0,0
sap fico,1277,329,3881,210,1.69,95059
sap fico consultant,76,62,1226,0,6.42,6127
sap finance,39,43,907,30,3.48,17288
sap for dummies,371,1,371000,60,1.3,2241528
sap forum,130,206,631,30,1.2,4148
sap forums,47,106,443,0,0,0
sap freelance,65,54,1204,0,0,0
sap global,113,103,1097,0,0,0
sap glossary,183,111,1649,0,0,0
sap guide,37,70,529,0,0,0
sap hcm,161,187,861,120,1.71,16128
sap help,810,118,6864,0,1.62,2447
sap help desk,402,21,19143,0,1.85,3680
sap hr,994,804,1236,480,2.28,61757
sap hr certification,146,28,5214,0,4.92,6934
sap hr faq,38,4,9500,0,0,0
sap hr software,54,14,3857,0,0,0
sap hr solutions sap hr,42,1,42000,0,0,0
sap hr transaction codes,50,4,12500,0,0,0
sap human resource management systems,37,5,7400,0,0,0
sap human resources,46,45,1022,0,1,949
sap ides,178,55,3236,30,1.56,27653
sap idoc,160,50,3200,0,0,0
sap img,222,3,74000,0,0,0
sap implementation,307,786,391,210,1.86,10528
sap implementation project,35,9,3889,0,0,0
sap info,43,82,524,0,0,0
sap information,39,107,364,0,0,0
sap installation,75,165,455,0,0,0
sap integration,47,609,77,120,2.09,1767
sap isu,166,30,5533,0,0,0
sap it,35,114,307,0,0,0
sap java,49,77,636,0,0,0
sap knowledge,262,66,3970,30,1.41,30658
sap knowledge base,310,6,51667,0,0,0
sap knowledge management,366,11,33273,0,0,0
sap knowledge warehouse,115,5,23000,0,0,0
sap knowledgebase,34,14,2429,0,0,0
sap labs,269,414,650,0,0.92,516
sap landscapes,45,15,3000,0,0,0
sap links,55,97,567,0,0,0
sap manufacturing,136,37,3676,30,1.66,33420
sap market,231,104,2221,0,1.35,1436
sap master,50,63,794,0,0,0
sap master data,53,43,1233,30,2.66,17958
sap master data management,73,33,2212,0,2.1,2711
sap mm,1438,422,3408,60,2.26,59653
sap mm certification,81,32,2531,0,0,0
sap module,58,228,254,0,1.51,687
sap modules,525,199,2638,60,1.57,32083
sap mrp,252,96,2625,0,3.79,4318
sap netweaver,511,1843,277,180,2.18,8109
sap netweaver 2004s,34,23,1478,0,0,0
sap news,83,350,237,0,0,0
sap note,40,11,3636,0,0,0
sap notes,35,50,700,0,0.89,732
sap online,57,375,152,0,2.12,748
sap online help,136,167,814,0,0,0
sap online training,881,153,5758,30,3.99,125840
sap open,824,186,4430,0,0,0
sap outsourcing,62,186,333,0,5.46,2813
sap plant maintenance system,58,6,9667,0,0,0
sap platform,114,31,3677,0,0,0
sap plm,164,228,719,30,1.67,6579
sap pm,517,174,2971,30,1.72,27992
sap portal,739,310,2384,120,1.42,37082
sap pp,801,207,3870,60,1.49,44661
sap presentation,55,72,764,0,0.65,517
sap press,455,114,3991,0,7.66,9732
sap process,42,30,1400,0,1.73,1952
sap production,52,61,852,0,0,0
sap production planning,204,26,7846,0,0,0
sap products,63,224,281,0,3.87,1827
sap program,603,77,7831,90,2.06,153044
sap programmer,36,11,3273,0,2.64,4675
sap programming,113,97,1165,0,1.16,1009
sap programs,35,19,1842,0,2.04,2723
sap project,81,471,172,0,0.91,322
sap project management,121,127,953,0,2.58,2006
sap project manager,102,128,797,30,1.7,7420
sap project system,57,33,1727,0,1.11,1321
sap ps,598,199,3005,0,0,0
sap purchasing,161,6,26833,0,1.14,2688
sap qm,513,117,4385,60,1.47,49926
sap r 3,191,156,1224,0,1.22,995
sap r3,1301,480,2710,60,1.32,27713
sap r3 books,35,4,8750,0,0,0
sap resource,35,16,2188,0,0,0
sap resources,46,170,271,0,1.76,860
sap roles,209,45,4644,0,0,0
sap sales and distribution,50,23,2174,0,1.21,1651
sap scheduling,133,114,1167,30,1.25,7988
sap scm,238,220,1082,120,1.54,18250
sap script,98,81,1210,0,0,0
sap scripts,42,50,840,0,0,0
sap sd,622,581,1071,240,1.34,22224
sap search,36,28,1286,0,0,0
sap security,639,1134,564,150,2.01,13872
sap security certification,45,6,7500,0,1.5,3097
sap sem,120,128,938,0,0,0
sap server,196,53,3698,30,2.34,47398
sap service,35,193,181,0,0,0
sap services,133,752,177,30,2.3,2228
sap sm,41,17,2412,0,0.84,1249
sap smartforms,39,7,5571,0,1,1823
sap soa,50,22,2273,0,0,0
sap software,5478,1994,2747,720,7.37,543289
sap software home,52,6,8667,0,0,0
sap software training,204,20,10200,0,5.31,8652
sap solution,88,500,176,120,1.28,2468
sap solution manager,735,247,2976,0,2.92,2952
sap solutions,44,1730,25,60,5.13,1011
sap sql,42,19,2211,0,0,0
sap sql server,41,15,2733,0,0,0
sap srm,449,98,4582,240,1.46,103628
sap stand for,467,41,11390,0,0,0
sap standard,53,75,707,0,0,0
sap stands for,368,13,28308,0,1,2105
sap strategic enterprise management,50,38,1316,0,0,0
sap supply chain management,129,52,2481,0,0,0
sap support,81,377,215,90,1.96,3995
sap system,1388,776,1789,120,2.23,43694
sap systems,265,395,671,30,2.46,9040
sap table,53,38,1395,0,0,0
sap tables,265,47,5638,0,0,0
sap teched,126,231,545,0,1,584
sap technical,171,205,834,0,0,0
sap testing,118,247,478,60,2.24,8289
sap tips,65,12,5417,0,0,0
sap training,4348,1403,3099,1500,2.98,357679
sap training course,48,23,2087,0,5.45,7339
sap training courses,204,37,5514,0,5.48,9378
sap training online,1562,18,86778,0,4.69,15770
sap transaction code,278,541,514,0,0,0
sap transaction codes,389,77,5052,0,0,0
sap transactions,369,40,9225,0,0,0
sap transport,153,22,6955,60,1.18,50853
sap transport management,40,12,3333,0,1,1755
sap tutor,56,53,1057,0,3.4,3173
sap tutorial,1511,597,2531,60,1.36,26663
sap tutorials,366,67,5463,30,1.35,40393
sap upgrades,983,79,12443,0,0,0
sap user,84,123,683,0,0,0
sap users,125,399,313,0,1.11,492
sap warehouse management,36,38,947,30,1.42,7368
sap web application,71,110,645,0,0,0
sap web application server,638,130,4908,0,0,0
sap white papers,44,20,2200,0,5.78,8110
sap wikipedia,37,5,7400,0,0,0
sap wm,191,167,1144,60,1.04,9214
sap workflow,681,163,4178,0,1.63,1978
sap world,41,73,562,0,0,0
sap xi,172,212,811,0,0,0
scm,9280,24450,380,360,1.75,12603
sdn,4061,37212,109,390,5.03,10841
search sap,39,67,582,0,0,0
sem sap,42,17,2471,0,0,0
seo services sap,35,26,1346,0,0,0
service oriented architecture,2073,4693,442,390,1.92,16749
soa,18765,32543,577,1500,1.41,31489
soa platform,30,107,280,30,2.57,3947
soa training,26,131,198,30,5.8,6305
social media,35490,29967,1184,13680,2.56,354606
software sap,75,437,172,0,14.57,5215
software solutions,25770,151111,171,570,2.53,10301
software usability,55,532,103,30,2.61,1478
softwares sap,41,40,1025,0,0,0
standard sap,48,104,462,0,0,0
supply chain,20217,104974,193,6690,2.33,36703
supply chain management,22685,37844,599,3480,2.88,101841
tco,2465,7169,344,360,2.57,16767
the sap market,44,77,571,0,0,0
total cost of ownership,1498,6962,215,270,2.05,7248
training sap,73,321,227,0,1.97,815
transaction codes,205,356,576,0,0,0
web dynpro,1197,161,7435,510,1.43,240098
what does sap stand for,673,32,21031,0,1,1910
what is sap,1265,118,10720,90,1.43,145434
workflow sap,42,34,1235,0,0,0
xi,17323,114566,151,30,1.13,936